Id,FileName,0.1,v.0.2.1,v.0.5.2,v0.10.0,v0.12.0,v0.12.1rc1,comments,total assert,assertion,test type,test,components,methods,subcomponents
16,test/test_pipeline/test_classification.py,test/test_pipeline/test_classification.py,test/test_pipeline/test_classification.py,test/test_pipeline/test_classification.py,test/test_pipeline/test_classification.py,test/test_pipeline/test_classification.py,test/test_pipeline/test_classification.py,,40,"32:assertEqual, 15:assertIn, 7:assertNotIn, 4:assertIsInstance, 7:assertRaisesRegex/raise, 2:assertGreaterEqual, 2:assertAlmostEqual, 1:assertSetEqual","error-based to ensure fit is called/ ValueError, find classifier/processor with len using assertGreaterEqual, compare the configuration keys, check for some hyperparams in dictory keys using assertIn, compare predicted shape, approximate predict values, error-handling/No valid pipeline found, compare hyper len with defined, ",,Classification Pipeline,30," test_io_dict, find_classifiers, find_preprocessors, default_configuration, default_configuration_multilabel, default_configuration_iterative_fit, representation, multilabel, configurations, configurations_signed_data, configurations_sparse, configurations_categorical_data, categorical_passed_to_one_hot_encoder, get_hyperparameter_search_space, get_hyperparameter_search_space_include_exclude_models, get_hyperparameter_search_space_preprocessor_contradicts_default_classifier, get_hyperparameter_search_space_only_forbidden_combinations, get_hyperparameter_search_space_dataset_properties, predict_batched, predict_batched_sparse, predict_proba_batched, predict_proba_batched_sparse, pipeline_clonability, add_classifier, add_preprocessor, set_hyperparameter_choice, set_hyperparameter_component, set_hyperparameters_honors_configuration, fit_instantiates_component,"
114,test/test_pipeline/components/classification/test_liblinear.py,test/test_pipeline/components/classification/test_liblinear.py,test/test_pipeline/components/classification/test_liblinear.py,test/test_pipeline/components/classification/test_liblinear.py,test/test_pipeline/components/classification/test_liblinear.py,test/test_pipeline/components/classification/test_liblinear.py,test/test_pipeline/components/classification/test_liblinear.py,,5,"1:assertRaisesRegexp, 1:assertAlmostEquals, 2:assertTrue, 1:assertEquals","error-based/check bad input support ValueError, approximate predict value with defined, assertTrue for target and predict in binary classifier, ",,LibLinear Component (Linear classifier),5,"default_configuration, default_configuration_sparse, default_configuration_binary, default_configuration_multilabel, target_algorithm_multioutput_multiclass_support"
115,test/test_pipeline/components/classification/test_libsvm_svc.py,test/test_pipeline/components/classification/test_libsvm_svc.py,test/test_pipeline/components/classification/test_libsvm_svc.py,test/test_pipeline/components/classification/test_libsvm_svc.py,test/test_pipeline/components/classification/test_libsvm_svc.py,test/test_pipeline/components/classification/test_libsvm_svc.py,test/test_pipeline/components/classification/test_libsvm_svc.py,,6,"5:assertAlmostEqual, 1:assertRaisesRegexp","approximate predict scores, approximate loss, error-handling/ valueError, ",,Lib SVM_SVC Component,4,"default_configuration, default_configuration_predict_proba, default_configuration_binary, target_algorithm_multioutput_multiclass_support"
116,test/test_pipeline/components/classification/test_random_forest.py,test/test_pipeline/components/classification/test_random_forest.py,test/test_pipeline/components/classification/test_random_forest.py,test/test_pipeline/components/classification/test_random_forest.py,test/test_pipeline/components/classification/test_random_forest.py,test/test_pipeline/components/classification/test_random_forest.py,test/test_pipeline/components/classification/test_random_forest.py,interesting check bracket in L,7,"6:assertAlmostEqual, 1:assertEqual","approximate average precision scores and acurracy, compare predicted list size with defined, Manual monitoring if exception is raised (# Running this without an exception is the purpose of this test!)",,Random forest classier components,7,"default_configuration, default_configuration_sparse, default_configuration_iterative_fit, default_configuration_binary, default_configuration_multilabel, default_configuration_predict_proba_multilabel, target_algorithm_multioutput_multiclass_support"
117,test/test_pipeline/components/feature_preprocessing/test_pca.py,test/test_pipeline/components/feature_preprocessing/test_pca.py,test/test_pipeline/components/feature_preprocessing/test_pca.py,test/test_pipeline/components/feature_preprocessing/test_pca.py,test/test_pipeline/components/feature_preprocessing/test_pca.py,test/test_pipeline/components/feature_preprocessing/test_pca.py,test/test_pipeline/components/feature_preprocessing/test_pca.py,,3,"2:assertTrue, assertFalse","compare expect same size of transformed with origin, but the data not equal, test within a range o to 10, approximate transformed using all",,Principle Component analysis (PCA) Component/ Feature preprocessing,1,"default_configuration, preprocessing_dtype"
165,test/test_pipeline/components/data_preprocessing/test_imputation.py,test/test_pipeline/components/data_preprocessing/test_imputation.py,test/test_pipeline/components/data_preprocessing/test_imputation.py,test/test_pipeline/components/data_preprocessing/test_imputation.py,test/test_pipeline/components/data_preprocessing/test_numerical_imputation.py,test/test_pipeline/components/data_preprocessing/test_numerical_imputation.py,test/test_pipeline/components/data_preprocessing/test_numerical_imputation.py,,6,"3:assertTrue, 2:assertEqual, 1:assertIsInstance","compare transformed to original, shape, instance",,Numerical Imputation,3,"default_configuration, default_configuration_sparse_data, preprocessing_dtype"
170,test/test_pipeline/implementations/test_OneHotEncoder.py,test/test_pipeline/implementations/test_OneHotEncoder.py,test/test_pipeline/implementations/test_OneHotEncoder.py,test/test_pipeline/implementations/test_OneHotEncoder.py,,,,,18,"4:assertEqual, 4:assert_array_almost_equal, 4:assertIsInstance","expect similar mean for predicted and true values, compare transpose sum, approximate parse arrays using assert_array_almost_equal, approximate predicted values using assert_array_almost_equal,  compare the instance of encoded data with defined",,OneHot Encoder implemetation,18,"dense1, dense1_minimum_fraction, dense2, dense2_minimum_fraction, dense2_with_non_sparse_components, dense3, sparse1, sparse1_minimum_fraction, sparse1_with_non_sparse_components, sparse2, sparse2_minimum_fraction, sparse2_csr, sparse_on_dense2_minimum_fraction, fit_then_transform, fit_then_transform_dense, check_arrays_equal, transform_with_unknown_value, classification_workflow, "
196,test/test_pipeline/components/classification/test_sgd.py,test/test_pipeline/components/classification/test_sgd.py,test/test_pipeline/components/classification/test_sgd.py,test/test_pipeline/components/classification/test_sgd.py,test/test_pipeline/components/classification/test_sgd.py,test/test_pipeline/components/classification/test_sgd.py,test/test_pipeline/components/classification/test_sgd.py,,16,"9:assertAlmostEqual, 6:assertEqual, 1:assertRaisesRegex, ","approximate precision scores, approximate accuracy scores, compare number of digits, approximate the log loss, ",,Stochastic gradient Decent (SGD) Component (BaseClassification),12,"default_iris, default_iris_iterative, default_iris_proba, default_iris_sparse, default_digits, default_digits_iterative, default_digits_binary, default_digits_multilabel, default_digits_multilabel_proba"
198,test/test_pipeline/components/classification/test_gradient_boosting.py,test/test_pipeline/components/classification/test_gradient_boosting.py,test/test_pipeline/components/classification/test_gradient_boosting.py,test/test_pipeline/components/classification/test_gradient_boosting.py,test/test_pipeline/components/classification/test_gradient_boosting.py,test/test_pipeline/components/classification/test_gradient_boosting.py,test/test_pipeline/components/classification/test_gradient_boosting.py,,16,"9:assertAlmostEqual, 6:assertEqual, 1:assertRaisesRegex, ","approximate precision scores, approximate accuracy scores, compare number of digits, approximate the log loss, ",,Gradient Boosting Component (BaseClassification),12,"default_iris, default_iris_iterative, default_iris_proba, default_iris_sparse, default_digits, default_digits_iterative, default_digits_binary, default_digits_multilabel, default_digits_multilabel_proba"
207,test/test_pipeline/components/classification/test_k_nearest_neighbor.py,test/test_pipeline/components/classification/test_k_nearest_neighbor.py,test/test_pipeline/components/classification/test_k_nearest_neighbor.py,test/test_pipeline/components/classification/test_k_nearest_neighbor.py,test/test_pipeline/components/classification/test_k_nearest_neighbor.py,test/test_pipeline/components/classification/test_k_nearest_neighbor.py,test/test_pipeline/components/classification/test_k_nearest_neighbor.py,,16,"9:assertAlmostEqual, 6:assertEqual, 1:assertRaisesRegex, ","approximate precision scores, approximate accuracy scores, compare number of digits, approximate the log loss, ",,Knearest Neighbors Component (BaseClassification),12,"default_iris, default_iris_iterative, default_iris_proba, default_iris_sparse, default_digits, default_digits_iterative, default_digits_binary, default_digits_multilabel, default_digits_multilabel_proba"
216,test/test_pipeline/components/classification/test_extra_trees.py,test/test_pipeline/components/classification/test_extra_trees.py,test/test_pipeline/components/classification/test_extra_trees.py,test/test_pipeline/components/classification/test_extra_trees.py,test/test_pipeline/components/classification/test_extra_trees.py,test/test_pipeline/components/classification/test_extra_trees.py,test/test_pipeline/components/classification/test_extra_trees.py,,16,"9:assertAlmostEqual, 6:assertEqual, 1:assertRaisesRegex, ","approximate precision scores, approximate accuracy scores, compare number of digits, approximate the log loss, ",,ExtraTrees Component  (BaseClassification),12,"default_iris, default_iris_iterative, default_iris_proba, default_iris_sparse, default_digits, default_digits_iterative, default_digits_binary, default_digits_multilabel, default_digits_multilabel_proba"
251,test/test_evaluation/test_resampling.py,test/test_evaluation/test_resampling.py,,,,,,,30,"20:assertEqual, 2:assertAlmostEqual, 1:assertLessEqual, 6:assertListEqual, 1:assertRaises,","approximate valid after resampling imbance to be less or equal, compare the list of tratefy equal some values defined, error-handling/assertRaises, compare shapes, approximate split data results for random checks",,Resampling,7,"split_data_regression, split_not_same_shape, stratify, split_regular, split_regular_classification, stratify, split_classification_many_imbalanced_classes"
255,test/test_util/test_StopWatch.py,test/test_util/test_StopWatch.py,test/test_util/test_StopWatch.py,test/test_util/test_StopWatch.py,test/test_util/test_StopWatch.py,test/test_util/test_StopWatch.py,test/test_util/test_StopWatch.py,Training Performance,3,assertLess,"approximate overlead using assertLess/ cpu_overhead, wall_overhead, watch.cpu_sum()",,StopWatch,1,"stopwatch_overhead (CPU overhead, Wall Overhead)"
297,test/test_pipeline/implementations/test_standard_scaler.py,test/test_pipeline/implementations/test_standard_scaler.py,,,,,,,45,"20:assert_array_almost_equal, 6:assertAlmostEqual, 3:assertEqual, 9:assertTrue, 7:assertFalse","approximate mean and variance, check len to defined, approximate mean across data rows using assert_array_almost_equal, expect false for nan data, ",,StandardScaler (Feature extraction/ preprocessing),3,"scaler_1d, scaler_2d_arrays, standard_scaler_sparse_boston_data, "
308,test/test_pipeline/implementations/test_minmaxscaler.py,test/test_pipeline/implementations/test_minmaxscaler.py,,,,,,interesting,23,"20:assert_array_almost_equal, 1:assertEqual, 1:assertTrue, 1:assertRaises","ensure matrix is still sparse, compare the size of datapoints, approximate the scaled min and max using assert_array_almost_equal, approximate transformed data with expected values, check within a ranges else raise an exceptions",,MinMax Scaler,3,"min_max_scaler_iris, min_max_scaler_zero_variance_features, min_max_scaler_1d, min_max_scaler_sparse_boston_data, "
342,test/test_data/test_competition_data_manager.py,test/test_data/test_competition_data_manager.py,test/test_data/test_competition_data_manager.py,test/test_data/test_competition_data_manager.py,,,,Not sure,,,,,CompetitionData Manager,0,path_to_dataset
441,test/test_pipeline/test_regression.py,test/test_pipeline/test_regression.py,test/test_pipeline/test_regression.py,test/test_pipeline/test_regression.py,test/test_pipeline/test_regression.py,test/test_pipeline/test_regression.py,test/test_pipeline/test_regression.py,,60,"13:assertIn, 1:assertSetEqual, 16:raise, 7:assertIsInstance, 2:assert_array_almost_equal, 15:assertEqual, 9:assertNotIn, 2:assertAlmostEqual","error-handling/ValueError, check isinstance, approximate expected atrib using assertIn, approximate predicted using assert_array_almost_equal, error-handling for invalid hyper config, confirm choice name with assertEqual, approximate model scores using assertAlmostEqual, handle memoery issues, ",,Regression Pipeline,24,"io_dict, find_regressors, find_preprocessors, configurations, configurations_signed_data, configurations_sparse, multioutput, default_configuration_iterative_fit, repr, get_hyperparameter_search_space, get_hyperparameter_search_space_include_exclude_models, get_hyperparameter_search_space_preprocessor_contradicts_default_classifier, get_hyperparameter_search_space_only_forbidden_combinations, get_hyperparameter_search_space_dataset_properties, predict_batched, predict_batched_sparse, pipeline_clonability, set_hyperparameter_choice, set_hyperparameter_component, set_hyperparameters_honors_configuration, "
445,test/test_pipeline/components/feature_preprocessing/test_kitchen_sinks.py,test/test_pipeline/components/feature_preprocessing/test_kitchen_sinks.py,test/test_pipeline/components/feature_preprocessing/test_kitchen_sinks.py,test/test_pipeline/components/feature_preprocessing/test_kitchen_sinks.py,test/test_pipeline/components/feature_preprocessing/test_kitchen_sinks.py,test/test_pipeline/components/feature_preprocessing/test_kitchen_sinks.py,test/test_pipeline/components/feature_preprocessing/test_kitchen_sinks.py,,3,"2:assertEqual, 1:assertFalse",compare tranformed shape rows and columns separate,,KitchenSink Component /PreprocessingTestCase,2,"default_configuration, preprocessing_dtype"
456,test/test_pipeline/components/regression/test_ridge_regression.py,test/test_pipeline/components/regression/test_ridge_regression.py,test/test_pipeline/components/regression/test_ridge_regression.py,test/test_pipeline/components/regression/test_ridge_regression.py,,,,,14,"8:assertAlmostEqual, 4:assertEqual, 1:assertGreaterEqual, 1:assertLessEqual, ","approximate regresion scores using assertAlmostEqual and assertLessEqual across different dataset, check estimator with assertEqual, ",,Ridge Component (BaseRegression),4,"default_boston, default_boston_places, default_boston_iterative, default_boston_sparse, default_boston_iterative_sparse, default_diabetes, default_diabetes_places, default_diabetes_iterative, default_diabetes_sparse, default_diabetes_iterative_sparse"
458,test/test_pipeline/components/regression/test_random_forests.py,test/test_pipeline/components/regression/test_random_forests.py,test/test_pipeline/components/regression/test_random_forests.py,test/test_pipeline/components/regression/test_random_forests.py,test/test_pipeline/components/regression/test_random_forests.py,test/test_pipeline/components/regression/test_random_forests.py,test/test_pipeline/components/regression/test_random_forests.py,,14,"8:assertAlmostEqual, 4:assertEqual, 1:assertGreaterEqual, 1:assertLessEqual, ","approximate regresion scores using assertAlmostEqual and assertLessEqual across different dataset, check estimator with assertEqual, ",,RandomForest Component (BaseRegression),10,"default_boston, default_boston_places, default_boston_iterative, default_boston_sparse, default_boston_iterative_sparse, default_diabetes, default_diabetes_places, default_diabetes_iterative, default_diabetes_sparse, default_diabetes_iterative_sparse"
656,test/test_pipeline/components/regression/test_gradient_boosting.py,test/test_pipeline/components/regression/test_gradient_boosting.py,test/test_pipeline/components/regression/test_gradient_boosting.py,test/test_pipeline/components/regression/test_gradient_boosting.py,test/test_pipeline/components/regression/test_gradient_boosting.py,test/test_pipeline/components/regression/test_gradient_boosting.py,test/test_pipeline/components/regression/test_gradient_boosting.py,,14,"8:assertAlmostEqual, 4:assertEqual, 1:assertGreaterEqual, 1:assertLessEqual, ","approximate regresion scores using assertAlmostEqual and assertLessEqual across different dataset, check estimator with assertEqual, ",,Gradient Boosting Component (BaseRegression),6,"default_boston, default_boston_places, default_boston_iterative, default_boston_sparse, default_boston_iterative_sparse, default_diabetes, default_diabetes_places, default_diabetes_iterative, default_diabetes_sparse, default_diabetes_iterative_sparse"
668,test/test_pipeline/components/regression/test_support_vector_regression.py,test/test_pipeline/components/regression/test_support_vector_regression.py,test/test_pipeline/components/regression/test_support_vector_regression.py,test/test_pipeline/components/regression/test_support_vector_regression.py,test/test_pipeline/components/regression/test_support_vector_regression.py,test/test_pipeline/components/regression/test_support_vector_regression.py,test/test_pipeline/components/regression/test_support_vector_regression.py,,14,"8:assertAlmostEqual, 4:assertEqual, 1:assertGreaterEqual, 1:assertLessEqual, ","approximate regresion scores using assertAlmostEqual and assertLessEqual across different dataset, check estimator with assertEqual, ",,SupportVector Component (BaseRegression),4,"default_boston, default_boston_places, default_boston_iterative, default_boston_sparse, default_boston_iterative_sparse, default_diabetes, default_diabetes_places, default_diabetes_iterative, default_diabetes_sparse, default_diabetes_iterative_sparse"
693,test/test_pipeline/implementations/test_util.py,test/test_pipeline/implementations/test_util.py,test/test_pipeline/implementations/test_util.py,test/test_pipeline/implementations/test_util.py,test/test_pipeline/implementations/test_util.py,test/test_pipeline/implementations/test_util.py,test/test_pipeline/implementations/test_util.py,,3,"2:assertTrue, assertFalse","approximate softwares with expected using assert_array_almost_equal, check the probs using assertTrue eg assertTrue((expected == probas).all())",,Util Test file,2,"softmax_binary, softmax"
741,test/test_pipeline/components/feature_preprocessing/test_select_percentile_classification.py,test/test_pipeline/components/feature_preprocessing/test_select_percentile_classification.py,test/test_pipeline/components/feature_preprocessing/test_select_percentile_classification.py,test/test_pipeline/components/feature_preprocessing/test_select_percentile_classification.py,test/test_pipeline/components/feature_preprocessing/test_select_percentile_classification.py,test/test_pipeline/components/feature_preprocessing/test_select_percentile_classification.py,test/test_pipeline/components/feature_preprocessing/test_select_percentile_classification.py,,13,"12:assertEqual, 1:assertFalse","compare transformed datatypes, compare transformed shape (rows and columns seperates)",,Select Percentile Classification,2,"default_configuration, preprocessing_dtype"
742,test/test_pipeline/components/feature_preprocessing/test_select_percentile_regression.py,test/test_pipeline/components/feature_preprocessing/test_select_percentile_regression.py,test/test_pipeline/components/feature_preprocessing/test_select_percentile_regression.py,test/test_pipeline/components/feature_preprocessing/test_select_percentile_regression.py,test/test_pipeline/components/feature_preprocessing/test_select_percentile_regression.py,test/test_pipeline/components/feature_preprocessing/test_select_percentile_regression.py,test/test_pipeline/components/feature_preprocessing/test_select_percentile_regression.py,,6,"5:assertEqual, 1:assertFalse","compare transformed datatypes, compare transformed shape (rows and columns seperates)",,Select.Percentile Regression,2,"default_configuration, preprocessing_dtype"
765,test/test_metalearning/test_metalearning.py,test/test_metalearning/test_metalearning.py,test/test_metalearning/test_metalearning.py,test/test_metalearning/test_metalearning.py,test/test_metalearning/test_metalearning.py,test/test_metalearning/test_metalearning.py,test/test_metalearning/test_metalearning.py,,4,"1:assertRaisesRegex, 1:assertIsNone, 1:assertEqual, 1:assertTrue, ","error-handling if directory doesn’t exist, compare meta dirtory, ",,Meta feature Value Dummy,2,"metalearning, metadata_directory(Test that metadata directory is set correctly), "
781,test/test_pipeline/components/regression/test_gaussian_process.py,test/test_pipeline/components/regression/test_gaussian_process.py,test/test_pipeline/components/regression/test_gaussian_process.py,test/test_pipeline/components/regression/test_gaussian_process.py,test/test_pipeline/components/regression/test_gaussian_process.py,test/test_pipeline/components/regression/test_gaussian_process.py,test/test_pipeline/components/regression/test_gaussian_process.py,,5,"3:assertAlmostEqual, 1:assertLessEqual, 1:assertGreaterEqual","approximate gaugian scores using less or greater, approximate scores using assertAlmostEqual, ",,Gaussian Process Component (BaseRegression),3,"default_boston_le_ge, default_boston_places, default_diabetes, "
1065,test/test_pipeline/components/classification/test_adaboost.py,test/test_pipeline/components/classification/test_adaboost.py,test/test_pipeline/components/classification/test_adaboost.py,test/test_pipeline/components/classification/test_adaboost.py,test/test_pipeline/components/classification/test_adaboost.py,test/test_pipeline/components/classification/test_adaboost.py,test/test_pipeline/components/classification/test_adaboost.py,,16,"9:assertAlmostEqual, 6:assertEqual, 1:assertRaisesRegex, ","approximate precision scores, approximate accuracy scores, compare number of digits, approximate the log loss, ",,AdaBoost Component (BaseClassification),12,"default_iris, default_iris_iterative, default_iris_proba, default_iris_sparse, default_digits, default_digits_iterative, default_digits_binary, default_digits_multilabel, default_digits_multilabel_proba"
1177,test/test_pipeline/components/feature_preprocessing/test_NoPreprocessing.py,test/test_pipeline/components/feature_preprocessing/test_NoPreprocessing.py,test/test_pipeline/components/feature_preprocessing/test_NoPreprocessing.py,test/test_pipeline/components/feature_preprocessing/test_NoPreprocessing.py,test/test_pipeline/components/feature_preprocessing/test_NoPreprocessing.py,test/test_pipeline/components/feature_preprocessing/test_NoPreprocessing.py,test/test_pipeline/components/feature_preprocessing/test_NoPreprocessing.py,,8,"7:assertEqual, 1:assertFalse","compare mean, sum, min,max, std of original to transformed, check transformed shape/ rows and column",,Preprocessing TestCase,2,"default_configuration, preprocessing_dtype"
1181,test/test_pipeline/test_create_searchspace_util_classification.py,test/test_pipeline/test_create_searchspace_util_classification.py,test/test_pipeline/test_create_searchspace_util_classification.py,test/test_pipeline/test_create_searchspace_util_classification.py,test/test_pipeline/test_create_searchspace_util_classification.py,test/test_pipeline/test_create_searchspace_util_classification.py,test/test_pipeline/test_create_searchspace_util_classification.py,,29,"20:assertEqual, 6:assertListEqual, 3:assertIsInstance","compare list pca, tsvd, ",,Create Classification Searchspace Test,2,"get_match_array_sparse_and_dense, add_forbidden, "
1183,test/test_pipeline/components/feature_preprocessing/test_random_trees_embedding.py,test/test_pipeline/components/feature_preprocessing/test_random_trees_embedding.py,test/test_pipeline/components/feature_preprocessing/test_random_trees_embedding.py,test/test_pipeline/components/feature_preprocessing/test_random_trees_embedding.py,test/test_pipeline/components/feature_preprocessing/test_random_trees_embedding.py,test/test_pipeline/components/feature_preprocessing/test_random_trees_embedding.py,test/test_pipeline/components/feature_preprocessing/test_random_trees_embedding.py,,8,"5:assertEqual, 1:assertFalse","compare transformed datatypes, compare transformed shape (rows and columns seperates), compare instance of parse and transformed",,Random Trees Embedding Component,2,"default_configuration, preprocessing_dtype"
1204,test/test_pipeline/components/feature_preprocessing/test_densifier.py,test/test_pipeline/components/feature_preprocessing/test_densifier.py,test/test_pipeline/components/feature_preprocessing/test_densifier.py,test/test_pipeline/components/feature_preprocessing/test_densifier.py,test/test_pipeline/components/feature_preprocessing/test_densifier.py,test/test_pipeline/components/feature_preprocessing/test_densifier.py,test/test_pipeline/components/feature_preprocessing/test_densifier.py,,3,"2:assertEqual, 1:assertFalse","compare transformed instance, compare transformed shape",,DensifierComponentTes (Proprocessing),2,"default_configuration, preprocessing_dtype"
1369,test/test_pipeline/implementations/test_imputation.py,test/test_pipeline/implementations/test_imputation.py,test/test_pipeline/implementations/test_imputation.py,test/test_pipeline/implementations/test_imputation.py,,,,,18,"6:assert_false, 4:assert_true, 8:assert_array_equal, ","check that after replacing missing data the return false if parsed back, also false when compared to original, true if no impurity in the data, ",,Imputation (replacing a missing data),9,"check_statistics, imputation_shape, imputation_mean_median_only_zero (Test imputation using the mean and median strategies), imputation_mean_median, imputation_median_special_cases, imputation_most_frequent, imputation_pipeline_grid_search, imputation_pickle, imputation_copy "
1528,test/test_pipeline/components/classification/test_proj_logit.py,test/test_pipeline/components/classification/test_proj_logit.py,,,,,,,4,"3:assertAlmostEqual, 1:assertRaisesRegex","error-handling for bad input shape, approximate accuracy scores using assertAlmostEqual, ",,ProjLogit Component (Classification,4,"default_configuration, default_configuration_digits, default_configuration_binary, target_algorithm_multioutput_multiclass_support"
1538,test/test_pipeline/components/feature_preprocessing/test_gem.py,test/test_pipeline/components/feature_preprocessing/test_gem.py,,,,,,interesting/ greater,3,"1:assertGreaterEqual, 1:assertFalse, 1:assertEqual","expect accuracy score for transformed data to be greater than defined, check transformed not zero, compare transformed shape",,GEM Component Test (Preprocessing),3,"default_configuration, default_configuration_classify, preprocessing_dtype"
1576,test/test_pipeline/components/classification/test_lda.py,test/test_pipeline/components/classification/test_lda.py,test/test_pipeline/components/classification/test_lda.py,test/test_pipeline/components/classification/test_lda.py,test/test_pipeline/components/classification/test_lda.py,test/test_pipeline/components/classification/test_lda.py,test/test_pipeline/components/classification/test_lda.py,,16,"9:assertAlmostEqual, 6:assertEqual, 1:assertRaisesRegex, ","approximate precision scores, approximate accuracy scores, compare number of digits, approximate the log loss, ",,LDAComponent (BaseClassification),12,"default_iris, default_iris_iterative, default_iris_proba, default_iris_sparse, default_digits, default_digits_iterative, default_digits_binary, default_digits_multilabel, default_digits_multilabel_proba"
1577,test/test_pipeline/components/classification/test_passive_aggressive.py,test/test_pipeline/components/classification/test_passive_aggressive.py,test/test_pipeline/components/classification/test_passive_aggressive.py,test/test_pipeline/components/classification/test_passive_aggressive.py,test/test_pipeline/components/classification/test_passive_aggressive.py,test/test_pipeline/components/classification/test_passive_aggressive.py,test/test_pipeline/components/classification/test_passive_aggressive.py,,16,"9:assertAlmostEqual, 6:assertEqual, 1:assertRaisesRegex, ","approximate precision scores, approximate accuracy scores, compare number of digits, approximate the log loss, ",,Passive Aggressive Component (BaseClassification),12,"default_iris, default_iris_iterative, default_iris_proba, default_iris_sparse, default_digits, default_digits_iterative, default_digits_binary, default_digits_multilabel, default_digits_multilabel_proba"
1578,test/test_pipeline/components/classification/test_qda.py,test/test_pipeline/components/classification/test_qda.py,test/test_pipeline/components/classification/test_qda.py,test/test_pipeline/components/classification/test_qda.py,test/test_pipeline/components/classification/test_qda.py,test/test_pipeline/components/classification/test_qda.py,test/test_pipeline/components/classification/test_qda.py,,14,"9:assertAlmostEqual, 6:assertEqual, 1:assertRaisesRegex, ","approximate precision scores, approximate accuracy scores, compare number of digits, approximate the log loss, ",,QDAComponent(BaseClassification),10,"default_iris, default_iris_iterative, default_iris_proba, default_iris_sparse, default_digits, default_digits_iterative, default_digits_binary, default_digits_multilabel, default_digits_multilabel_proba"
1592,test/test_pipeline/components/classification/test_decision_tree.py,test/test_pipeline/components/classification/test_decision_tree.py,test/test_pipeline/components/classification/test_decision_tree.py,test/test_pipeline/components/classification/test_decision_tree.py,test/test_pipeline/components/classification/test_decision_tree.py,test/test_pipeline/components/classification/test_decision_tree.py,test/test_pipeline/components/classification/test_decision_tree.py,,13,"9:assertAlmostEqual, 6:assertEqual, 1:assertRaisesRegex, ","approximate precision scores, approximate accuracy scores, compare number of digits, approximate the log loss, ",,DecisionTreeComponent(BaseClassification),9,"default_iris, default_iris_iterative, default_iris_proba, default_iris_sparse, default_digits, default_digits_iterative, default_digits_binary, default_digits_multilabel, default_digits_multilabel_proba"
1615,test/test_pipeline/components/feature_preprocessing/test_fast_ica.py,test/test_pipeline/components/feature_preprocessing/test_fast_ica.py,test/test_pipeline/components/feature_preprocessing/test_fast_ica.py,test/test_pipeline/components/feature_preprocessing/test_fast_ica.py,test/test_pipeline/components/feature_preprocessing/test_fast_ica.py,test/test_pipeline/components/feature_preprocessing/test_fast_ica.py,test/test_pipeline/components/feature_preprocessing/test_fast_ica.py,,3,"1:assertAlmostEqual, 1:assertFalse, 1:assertEqual","approximate accuracy scores using assertAlmostEqual, check transformed not zero, compare transformed shape",,FastICAComponent (Independent component analysis)/ Preprocessing,3,"default_configuration, default_configuration_regression, preprocessing_dtype"
1616,test/test_pipeline/components/feature_preprocessing/test_feature_agglomeration.py,test/test_pipeline/components/feature_preprocessing/test_feature_agglomeration.py,test/test_pipeline/components/feature_preprocessing/test_feature_agglomeration.py,test/test_pipeline/components/feature_preprocessing/test_feature_agglomeration.py,test/test_pipeline/components/feature_preprocessing/test_feature_agglomeration.py,test/test_pipeline/components/feature_preprocessing/test_feature_agglomeration.py,test/test_pipeline/components/feature_preprocessing/test_feature_agglomeration.py,,3,"1:assertAlmostEqual, 1:assertFalse, 1:assertEqual","approximate accuracy scores using assertAlmostEqual, check transformed not zero, compare transformed shape",,Feature Agglomeration Component Preprocessing,3,"default_configuration, default_configuration_regression, preprocessing_dtype"
1617,test/test_pipeline/components/feature_preprocessing/test_kernel_pca.py,test/test_pipeline/components/feature_preprocessing/test_kernel_pca.py,test/test_pipeline/components/feature_preprocessing/test_kernel_pca.py,test/test_pipeline/components/feature_preprocessing/test_kernel_pca.py,test/test_pipeline/components/feature_preprocessing/test_kernel_pca.py,test/test_pipeline/components/feature_preprocessing/test_kernel_pca.py,test/test_pipeline/components/feature_preprocessing/test_kernel_pca.py,,3,"1:assertAlmostEqual, 1:assertFalse, 1:assertEqual","approximate accuracy scores using assertAlmostEqual, check transformed not zero, compare transformed shape",,Kernel PCA ComponentTest(Preprocessing),3,"default_configuration, default_configuration_regression, preprocessing_dtype"
1618,test/test_pipeline/components/feature_preprocessing/test_liblinear.py,test/test_pipeline/components/feature_preprocessing/test_liblinear.py,test/test_pipeline/components/feature_preprocessing/test_liblinear.py,test/test_pipeline/components/feature_preprocessing/test_liblinear.py,test/test_pipeline/components/feature_preprocessing/test_liblinear.py,test/test_pipeline/components/feature_preprocessing/test_liblinear.py,test/test_pipeline/components/feature_preprocessing/test_liblinear.py,,3,"1:assertAlmostEqual, 1:assertFalse, 1:assertEqual","approximate accuracy scores using assertAlmostEqual, check transformed not zero, compare transformed shape",,Liblinear Component (Preprocessing),3,"default_configuration, default_configuration_regression, preprocessing_dtype"
1619,test/test_pipeline/components/feature_preprocessing/test_nystroem_sampler.py,test/test_pipeline/components/feature_preprocessing/test_nystroem_sampler.py,test/test_pipeline/components/feature_preprocessing/test_nystroem_sampler.py,test/test_pipeline/components/feature_preprocessing/test_nystroem_sampler.py,test/test_pipeline/components/feature_preprocessing/test_nystroem_sampler.py,test/test_pipeline/components/feature_preprocessing/test_nystroem_sampler.py,test/test_pipeline/components/feature_preprocessing/test_c.py,,3,"1:assertAlmostEqual, 1:assertFalse, 1:assertEqual","approximate accuracy scores using assertAlmostEqual, check transformed not zero, compare transformed shape",,nystroem_sampler ComponentTest(Preprocessing),3,"default_configuration, default_configuration_regression, preprocessing_dtype"
1620,test/test_pipeline/components/feature_preprocessing/test_polynomial.py,test/test_pipeline/components/feature_preprocessing/test_polynomial.py,test/test_pipeline/components/feature_preprocessing/test_polynomial.py,test/test_pipeline/components/feature_preprocessing/test_polynomial.py,test/test_pipeline/components/feature_preprocessing/test_polynomial.py,test/test_pipeline/components/feature_preprocessing/test_polynomial.py,test/test_pipeline/components/feature_preprocessing/test_polynomial.py,,4,"2:assertAlmostEqual, 1:assertFalse, 1:assertEqual","approximate accuracy scores using assertAlmostEqual, check transformed not zero, compare transformed shape",,Polynomial Features Component (Preprocessing),3,"default_configuration, default_configuration_regression, preprocessing_dtype"
1621,test/test_pipeline/components/feature_preprocessing/test_select_rates.py,test/test_pipeline/components/feature_preprocessing/test_select_rates.py,test/test_pipeline/components/feature_preprocessing/test_select_rates.py,test/test_pipeline/components/feature_preprocessing/test_select_rates.py,test/test_pipeline/components/feature_preprocessing/test_select_rates_classification.py,test/test_pipeline/components/feature_preprocessing/test_select_rates_classification.py,test/test_pipeline/components/feature_preprocessing/test_select_rates_classification.py,,13,"12:assertEqual, 1:assertFalse","compare transformed datatypes, check transformed shape rows and columns independently, check that transformed are not zero",,Select Classification Rates Componen (Preprocessing),2,"default_configuration, preprocessing_dtype"
1668,test/test_pipeline/components/data_preprocessing/test_balancing.py,test/test_pipeline/components/data_preprocessing/test_balancing.py,test/test_pipeline/components/data_preprocessing/test_balancing.py,test/test_pipeline/components/data_preprocessing/test_balancing.py,test/test_pipeline/components/data_preprocessing/test_balancing.py,test/test_pipeline/components/data_preprocessing/test_balancing.py,test/test_pipeline/components/data_preprocessing/test_balancing.py,,10,"6:assertAlmostEqual, 2:assertEqual, 2:assert_allclose","approximate predict scores of preprocessed data using assertAlmostEqual,  approximate prediction when weight was added, approximate mean of fit, expect assert_allclose when weight was used to defined",,Data Balancing Component (Data Preprocessing),3,"balancing_get_weights_treed_single_label, balancing_get_weights_treed_multilabel, balancing_get_weights_svm_sgd, weighting_effect, "
1720,test/test_data/test_competition_c_functions.py,test/test_data/test_competition_c_functions.py,test/test_data/test_competition_c_functions.py,test/test_data/test_competition_c_functions.py,,,,,5,assertEqual,"compare data.shape to defined, check number of nonzero data.nnz",,CHelperFunction Test (Test Data),3,"read_sparse_file, read_sparse_binary_file, read_dense"
2025,test/test_automl/test_start_automl.py,test/test_automl/test_start_automl.py,,,,,,,12,"3:assertEqual, 3:assertTrue, 3:assertGreaterEqual, 3:assertIn, ","Check that all directories are there, approximate scores greater that 0.5, ",,AutoMLTest,3,"test_fit, binary_score, automl_outputs, do_dummy_prediction, "
2115,test/test_automl/test_estimators.py,test/test_automl/test_estimators.py,test/test_automl/test_estimators.py,test/test_automl/test_estimators.py,test/test_automl/test_estimators.py,test/test_automl/test_estimators.py,test/test_automl/test_estimators.py,,64,"12:isinstance, 2:assert_array_equal, 8:pytest.raises, 22:assertGreater, 15:assertEqual, 15:assertGreater","approximate scores with greater or equal, error-handling/ valueerror, check instanceof, expect predict and score greater or equal to defined, compare shapes, expect output len greater than 0, scores greater than threshold, compare restored, ",,Estimator,18,"fit_n_jobs, feat_type_wrong_arguments, type_of_target, cv_results, fit_n_jobs_negative, multiclass_prediction, multilabel_prediction, can_pickle_classifier, multilabel, test_binary, classification_pandas_support, test_regression, cv_regression, regression_pandas_support, autosklearn_classification_methods_returns_self, autosklearn_regression_methods_returns_self, autosklearn2_classification_methods_returns_self, "
2321,test/test_util/test_common.py,test/test_util/test_common.py,test/test_util/test_common.py,test/test_util/test_common.py,test/test_util/test_common.py,test/test_util/test_common.py,test/test_util/test_common.py,,2,"assertTrue, assertFalse",,,TestUtilsCommon,1,test_check_pid
2361,test/test_data/test_arff_data_manager.py,test/test_data/test_arff_data_manager.py,,,,,,,14,"4:assertIsInstance, 9:assertEqual, 1:assertFalse","compare if instance of array using assertIsInstance, compare the shape, names, ",,ArffData Manager (Attribute relation File Format),2,"load_arff, ARFFDataManager"
2363,test/test_data/test_data_manager.py,test/test_data/test_data_manager.py,test/test_data/test_data_manager.py,test/test_data/test_data_manager.py,test/test_data/test_data_manager.py,,,,23,"8:assertAlmostEqual, 4:assertEqual, 1:assertGreaterEqual, 1:assertLessEqual, 9:assertIsInstance","approximate on decoding encoded data by comparing with original, check id decoded and encoded data remains as array using assertIsInstance, ",,Test Data/ Competition DataManager,4,"perform1HotEncoding, perform1HotEncoding_binary_data, perform1HotEncoding_categorical_data, perform1HotEncoding_binary_data_with_missing_values"
2364,test/test_data/test_data_manager_factory.py,test/test_data/test_data_manager_factory.py,,,,,,,,,,,DataManager Factory,,"competition_format, arff_format, "
2436,test/test_metalearning/pyMetaLearn/metalearning/test_kND.py,test/test_metalearning/pyMetaLearn/metalearning/test_kND.py,test/test_metalearning/pyMetaLearn/metalearning/test_kND.py,test/test_metalearning/pyMetaLearn/metalearning/test_kND.py,test/test_metalearning/pyMetaLearn/metalearning/test_kND.py,test/test_metalearning/pyMetaLearn/metalearning/test_kND.py,test/test_metalearning/pyMetaLearn/metalearning/test_kND.py,,21,"10:assertEqual, 6:assert_array_almost_equal, 4:assertRaises, 1:assertTrue, ","compare len of unique neighbours distance, approximate best suggested neighbours/distance using assert_array_almost_equal, check metafeatures, configuration with defined, error-handling for valueError",,kNDTest/ metalearning,4,"fit_l1_distance, kNearestDatasets, kBestSuggestions, random_metric"
2437,test/test_metalearning/pyMetaLearn/metalearning/test_metrics.py,test/test_metalearning/pyMetaLearn/metalearning/test_metrics.py,test/test_metalearning/pyMetaLearn/metalearning/test_metrics.py,test/test_metalearning/pyMetaLearn/metalearning/test_metrics.py,test/test_metalearning/pyMetaLearn/metalearning/test_metrics.py,test/test_metalearning/pyMetaLearn/metalearning/test_metrics.py,test/test_metalearning/pyMetaLearn/metalearning/test_metrics.py,,,,,,code commented out,,
2438,test/test_metalearning/pyMetaLearn/test_meta_base.py,test/test_metalearning/pyMetaLearn/test_meta_base.py,test/test_metalearning/pyMetaLearn/test_meta_base.py,test/test_metalearning/pyMetaLearn/test_meta_base.py,test/test_metalearning/pyMetaLearn/test_meta_base.py,test/test_metalearning/pyMetaLearn/test_meta_base.py,test/test_metalearning/pyMetaLearn/test_meta_base.py,,14,"6:assertIsInstance, 8:assertEqual","check if metafeature assertIsInstance of pandas, compare shape, ",,MetaBaseTest/ Test Data Meta Features,7,"get_all_run, get_runs, get_metafeatures_single_dataset, get_metafeatures_single_feature, get_metafeatures_single_dataset_and_single_feature, get_metafeatures_multiple_datasets, get_metafeatures_multiple_features, "
2446,test/test_metalearning/pyMetaLearn/test_meta_features.py,test/test_metalearning/pyMetaLearn/test_meta_features.py,test/test_metalearning/pyMetaLearn/test_meta_features.py,test/test_metalearning/pyMetaLearn/test_meta_features.py,test/test_metalearning/pyMetaLearn/test_meta_features.py,test/test_metalearning/pyMetaLearn/test_meta_features.py,test/test_metalearning/pyMetaLearn/test_meta_features.py,,75,"22:assertEqual, 25:assertIsInstance, 20:assertAlmostEqual, 6:assertTrue","approximation, check types, comparizon",,MetaFeatures,64,"test_number_of_instance, number_of_classes, number_of_classes_multilabel, number_of_features, missing_values, number_of_Instances_with_missing_values, percentage_of_Instances_with_missing_values, number_of_features_with_missing_values, percentage_of_features_with_missing_values, percentage_missing_values, number_of_numeric_features, number_of_categorical_features, ratio_numerical_to_categorical, ratio_categorical_to_numerical, dataset_ratio, inverse_dataset_ratio, class_occurences, class_occurences_multilabel, class_probability_min, class_probability_min_multilabel, class_probability_max, class_probability_max_multilabel, class_probability_mean, class_probability_mean_multilabel, class_probability_std, class_probability_std_multilabel, num_symbols, symbols_min, symbols_max, symbols_mean, symbols_std, symbols_sum, kurtosis_min, kurtosis_max, kurtosis_mean, "
2447,test/test_metalearning/pyMetaLearn/test_meta_features_sparse.py,test/test_metalearning/pyMetaLearn/test_meta_features_sparse.py,test/test_metalearning/pyMetaLearn/test_meta_features_sparse.py,test/test_metalearning/pyMetaLearn/test_meta_features_sparse.py,test/test_metalearning/pyMetaLearn/test_meta_features_sparse.py,test/test_metalearning/pyMetaLearn/test_meta_features_sparse.py,test/test_metalearning/pyMetaLearn/test_meta_features_sparse.py,,37,"11:assertEqual, 7:assertAlmostEqual, 2:assert_allclose, 1:assertTrue, ","approximation, check types, comparizon",,SparseMeta Features Test,18,"missing_values, number_of_missing_values, percentage_missing_values, number_of_Instances_with_missing_values, percentage_of_Instances_with_missing_values, number_of_features_with_missing_values, percentage_of_features_with_missing_values, num_symbols, symbols_max, symbols_mean, symbols_std, symbols_sum, skewnesses, kurtosisses, pca_95percent, pca_kurtosis_first_pc, pca_skewness_first_pc, calculate_all_metafeatures"
2448,test/test_metalearning/pyMetaLearn/test_metalearner.py,test/test_metalearning/pyMetaLearn/test_metalearner.py,test/test_metalearning/pyMetaLearn/test_metalearner.py,test/test_metalearning/pyMetaLearn/test_metalearner.py,test/test_metalearning/pyMetaLearn/test_metalearner.py,test/test_metalearning/pyMetaLearn/test_metalearner.py,test/test_metalearning/pyMetaLearn/test_metalearner.py,,14,"10:assertEqual, 4:assertIsInstance, ",,,MetaLearnerTest,5,"metalearning_suggest_all, metalearning_suggest_all_nan_metafeatures, metalearning_suggest, learn, split_metafeature_array, "
2449,test/test_metalearning/pyMetaLearn/test_optimizer_base.py,test/test_metalearning/pyMetaLearn/test_optimizer_base.py,test/test_metalearning/pyMetaLearn/test_optimizer_base.py,test/test_metalearning/pyMetaLearn/test_optimizer_base.py,test/test_metalearning/pyMetaLearn/test_optimizer_base.py,test/test_metalearning/pyMetaLearn/test_optimizer_base.py,test/test_metalearning/pyMetaLearn/test_optimizer_base.py,,5,"4:assertEqual, assertRaises","comparison, error-handling/ ValueError",,OptimizerBaseTest,2,"parse_hyperopt_string, construct_cli_call"
2519,test/test_pipeline/implementations/test_ProjLogit.py,test/test_pipeline/implementations/test_ProjLogit.py,,,,,,,3,"2:assertLess, 1:assertTrue","approximate predict sum, predicted probability sum, eg self.assertTrue((predicted != testy).sum() < 20), self.assertTrue(((1 - predicted_prob.sum(axis=1)) < 1e-3).all()), ",,ProjLogit,1,"sparse_filtering(Test logistic regression implementation based on least squares), "
2575,test/test_pipeline/components/classification/test_bernoulli_nb.py,test/test_pipeline/components/classification/test_bernoulli_nb.py,test/test_pipeline/components/classification/test_bernoulli_nb.py,test/test_pipeline/components/classification/test_bernoulli_nb.py,test/test_pipeline/components/classification/test_bernoulli_nb.py,test/test_pipeline/components/classification/test_bernoulli_nb.py,test/test_pipeline/components/classification/test_bernoulli_nb.py,,14,"9:assertAlmostEqual, 6:assertEqual, 1:assertRaisesRegex, ","approximate precision scores, approximate accuracy scores, compare number of digits, approximate the log loss, ",,BernoulliNBComponent (BaseClassificationComponent),9,"default_iris, default_iris_iterative, default_iris_proba, default_iris_sparse, default_digits, default_digits_iterative, default_digits_binary, default_digits_multilabel, default_digits_multilabel_proba"
2577,test/test_pipeline/components/classification/test_gaussian_nb.py,test/test_pipeline/components/classification/test_gaussian_nb.py,test/test_pipeline/components/classification/test_gaussian_nb.py,test/test_pipeline/components/classification/test_gaussian_nb.py,test/test_pipeline/components/classification/test_gaussian_nb.py,test/test_pipeline/components/classification/test_gaussian_nb.py,test/test_pipeline/components/classification/test_gaussian_nb.py,,14,"9:assertAlmostEqual, 6:assertEqual, 1:assertRaisesRegex, ","approximate precision scores, approximate accuracy scores, compare number of digits, approximate the log loss, ",,GaussianNBComponent (BaseClassificationComponent),9,"default_iris, default_iris_iterative, default_iris_proba, default_iris_sparse, default_digits, default_digits_iterative, default_digits_binary, default_digits_multilabel, default_digits_multilabel_proba"
2579,test/test_pipeline/components/classification/test_multinomial_nb.py,test/test_pipeline/components/classification/test_multinomial_nb.py,test/test_pipeline/components/classification/test_multinomial_nb.py,test/test_pipeline/components/classification/test_multinomial_nb.py,test/test_pipeline/components/classification/test_multinomial_nb.py,test/test_pipeline/components/classification/test_multinomial_nb.py,test/test_pipeline/components/classification/test_multinomial_nb.py,,14,"9:assertAlmostEqual, 6:assertEqual, 1:assertRaisesRegex, ","approximate precision scores, approximate accuracy scores, compare number of digits, approximate the log loss, ",,MultinomialNBComponent (BaseClassificationComponent),9,"default_iris, default_iris_iterative, default_iris_proba, default_iris_sparse, default_digits, default_digits_iterative, default_digits_binary, default_digits_multilabel, default_digits_multilabel_proba"
2652,test/test_pipeline/components/regression/test_extra_trees.py,test/test_pipeline/components/regression/test_extra_trees.py,test/test_pipeline/components/regression/test_extra_trees.py,test/test_pipeline/components/regression/test_extra_trees.py,test/test_pipeline/components/regression/test_extra_trees.py,test/test_pipeline/components/regression/test_extra_trees.py,test/test_pipeline/components/regression/test_extra_trees.py,,14,"8:assertAlmostEqual, 4:assertEqual, 1:assertGreaterEqual, 1:assertLessEqual, ","approximate regresion scores using assertAlmostEqual and assertLessEqual across different dataset, check estimator with assertEqual, ",,ExtraTreesComponent (BaseRegression),10,"default_boston, default_boston_places, default_boston_iterative, default_boston_sparse, default_boston_iterative_sparse, default_diabetes, default_diabetes_places, default_diabetes_iterative, default_diabetes_sparse, default_diabetes_iterative_sparse"
2677,test/test_pipeline/components/regression/test_adaboost.py,test/test_pipeline/components/regression/test_adaboost.py,test/test_pipeline/components/regression/test_adaboost.py,test/test_pipeline/components/regression/test_adaboost.py,test/test_pipeline/components/regression/test_adaboost.py,test/test_pipeline/components/regression/test_adaboost.py,test/test_pipeline/components/regression/test_adaboost.py,,8,"8:assertAlmostEqual, 4:assertEqual, 1:assertGreaterEqual, 1:assertLessEqual, ","approximate regresion scores using assertAlmostEqual and assertLessEqual across different dataset, check estimator with assertEqual, ",,AdaBoostComponent (BaseRegression),5,"default_boston, default_boston_places, default_boston_iterative, default_boston_sparse, default_boston_iterative_sparse, default_diabetes, default_diabetes_places, default_diabetes_iterative, default_diabetes_sparse, default_diabetes_iterative_sparse"
2680,test/test_pipeline/components/regression/test_k_nearest_neighbors.py,test/test_pipeline/components/regression/test_k_nearest_neighbors.py,test/test_pipeline/components/regression/test_k_nearest_neighbors.py,test/test_pipeline/components/regression/test_k_nearest_neighbors.py,test/test_pipeline/components/regression/test_k_nearest_neighbors.py,test/test_pipeline/components/regression/test_k_nearest_neighbors.py,test/test_pipeline/components/regression/test_k_nearest_neighbors.py,,6,"8:assertAlmostEqual, 4:assertEqual, 1:assertGreaterEqual, 1:assertLessEqual, ","approximate regresion scores using assertAlmostEqual and assertLessEqual across different dataset, check estimator with assertEqual, ",,KNearestNeighbors Component (BaseRegression),4,"default_boston, default_boston_places, default_boston_iterative, default_boston_sparse, default_boston_iterative_sparse, default_diabetes, default_diabetes_places, default_diabetes_iterative, default_diabetes_sparse, default_diabetes_iterative_sparse"
2686,test/test_pipeline/components/regression/test_decision_tree.py,test/test_pipeline/components/regression/test_decision_tree.py,test/test_pipeline/components/regression/test_decision_tree.py,test/test_pipeline/components/regression/test_decision_tree.py,test/test_pipeline/components/regression/test_decision_tree.py,test/test_pipeline/components/regression/test_decision_tree.py,test/test_pipeline/components/regression/test_decision_tree.py,,6,"8:assertAlmostEqual, 4:assertEqual, 1:assertGreaterEqual, 1:assertLessEqual, ","approximate regresion scores using assertAlmostEqual and assertLessEqual across different dataset, check estimator with assertEqual, ",,DecisionTree Component (BaseRegression),4,"default_boston, default_boston_places, default_boston_iterative, default_boston_sparse, default_boston_iterative_sparse, default_diabetes, default_diabetes_places, default_diabetes_iterative, default_diabetes_sparse, default_diabetes_iterative_sparse"
2695,test/test_pipeline/components/regression/test_liblinear_svr.py,test/test_pipeline/components/regression/test_liblinear_svr.py,test/test_pipeline/components/regression/test_liblinear_svr.py,test/test_pipeline/components/regression/test_liblinear_svr.py,test/test_pipeline/components/regression/test_liblinear_svr.py,test/test_pipeline/components/regression/test_liblinear_svr.py,test/test_pipeline/components/regression/test_liblinear_svr.py,,8,"8:assertAlmostEqual, 4:assertEqual, 1:assertGreaterEqual, 1:assertLessEqual, ","approximate regresion scores using assertAlmostEqual and assertLessEqual across different dataset, check estimator with assertEqual, ",,SupportVector Component (BaseRegression),6,"default_boston, default_boston_places, default_boston_iterative, default_boston_sparse, default_boston_iterative_sparse, default_diabetes, default_diabetes_places, default_diabetes_iterative, default_diabetes_sparse, default_diabetes_iterative_sparse"
2704,test/test_pipeline/components/regression/test_sgd.py,test/test_pipeline/components/regression/test_sgd.py,test/test_pipeline/components/regression/test_sgd.py,test/test_pipeline/components/regression/test_sgd.py,test/test_pipeline/components/regression/test_sgd.py,test/test_pipeline/components/regression/test_sgd.py,test/test_pipeline/components/regression/test_sgd.py,,14,"8:assertAlmostEqual, 4:assertEqual, 1:assertGreaterEqual, 1:assertLessEqual, ","approximate regresion scores using assertAlmostEqual and assertLessEqual across different dataset, check estimator with assertEqual, ",,SGD Component (BaseRegression),10,"default_boston, default_boston_places, default_boston_iterative, default_boston_sparse, default_boston_iterative_sparse, default_diabetes, default_diabetes_places, default_diabetes_iterative, default_diabetes_sparse, default_diabetes_iterative_sparse"
2748,test/test_pipeline/components/feature_preprocessing/test_truncatedSVD.py,test/test_pipeline/components/feature_preprocessing/test_truncatedSVD.py,test/test_pipeline/components/feature_preprocessing/test_truncatedSVD.py,test/test_pipeline/components/feature_preprocessing/test_truncatedSVD.py,test/test_pipeline/components/feature_preprocessing/test_truncatedSVD.py,test/test_pipeline/components/feature_preprocessing/test_truncatedSVD.py,test/test_pipeline/components/feature_preprocessing/test_truncatedSVD.py,,3,"1:assertAlmostEqual, 1:assertFalse, 1:assertEqual","approximate accuracy scores for preprocessed featured using assertAlmostEqual, compare transformed shape and ensure tranformed are not all zero",,TruncatedSVD Component (Preprocessing),3,"default_configuration, default_configuration_classify, preprocessing_dtype"
2768,test/test_pipeline/test_base.py,test/test_pipeline/test_base.py,test/test_pipeline/test_base.py,test/test_pipeline/test_base.py,test/test_pipeline/test_base.py,test/test_pipeline/test_base.py,test/test_pipeline/test_base.py,No need to label this,,,,,Duplicated in the rest of the test,,
2865,test/test_pipeline/components/data_preprocessing/test_scaling.py,test/test_pipeline/components/data_preprocessing/test_scaling.py,test/test_pipeline/components/data_preprocessing/test_scaling.py,test/test_pipeline/components/data_preprocessing/test_scaling.py,test/test_pipeline/components/data_preprocessing/test_scaling.py,test/test_pipeline/components/data_preprocessing/test_scaling.py,test/test_pipeline/components/data_preprocessing/test_scaling.py,,5,"3:assertAlmostEqual, 1:assertEqual, 1:assertGreaterEqual","approximate tranformed data, approximate transformed mean, std, maxdata assertGreaterEqual",,ScalingComponent,4,"boston_is_not_scaled, default_configuration, default_configuration_with_sparse_data, preprocessing_dtype"
2877,test/test_pipeline/components/data_preprocessing/test_one_hot_encoding.py,test/test_pipeline/components/data_preprocessing/test_one_hot_encoding.py,test/test_pipeline/components/data_preprocessing/test_one_hot_encoding.py,test/test_pipeline/components/data_preprocessing/test_one_hot_encoding.py,test/test_pipeline/components/data_preprocessing/test_one_hot_encoding.py,test/test_pipeline/components/data_preprocessing/test_one_hot_encoding.py,test/test_pipeline/components/data_preprocessing/test_one_hot_encoding.py,,8,"4:assertEqual, 4:assert_array_almost_equal, 4:assertIsInstance","check transformed shape, none zero, compare transformation.todense() with original",,Onehot Encoder implemetation,4,"data_type_consistency, default_configuration, default_configuration_no_encoding, default_configuration_sparse_data, default_configuration_sparse_no_encoding"
2953,deprecated/test/cli/test_SMAC_interface.py,deprecated/test/cli/test_SMAC_interface.py,,,,,,,,,,,,,
2984,test/test_pipeline/components/feature_preprocessing/test_choice.py,test/test_pipeline/components/feature_preprocessing/test_choice.py,test/test_pipeline/components/feature_preprocessing/test_choice.py,test/test_pipeline/components/feature_preprocessing/test_choice.py,test/test_pipeline/components/feature_preprocessing/test_choice.py,test/test_pipeline/components/feature_preprocessing/test_choice.py,test/test_pipeline/components/feature_preprocessing/test_choice.py,,3,assertEqual,compare len preprocessed features,,FeatureProcessing,1,"get_available_components (arget typ, Multiclass, Multilabel)"
3681,test/test_pipeline/components/regression/test_ard_regression.py,test/test_pipeline/components/regression/test_ard_regression.py,test/test_pipeline/components/regression/test_ard_regression.py,test/test_pipeline/components/regression/test_ard_regression.py,test/test_pipeline/components/regression/test_ard_regression.py,test/test_pipeline/components/regression/test_ard_regression.py,test/test_pipeline/components/regression/test_ard_regression.py,,7,"3:assertAlmostEqual, 2:assertEqual, 1:assertGreaterEqual, 1:assertLessEqual","approximate scores of predicted and true values, ",,ARDRegression Component (BaseRegression),2,"default_boston, default_diabetes"
3685,test/test_evaluation/test_cv_evaluator.py,test/test_evaluation/test_cv_evaluator.py,,,,,,,19,"6:assertAlmostEqual, 7:assertEqual, 1:assertIn, 1:assertNotIn, 2:assertIsNotNone, 1:assertIsNone, 1:assertTrue","approximation, comparizon, notin, ",,CVEvaluator/ cross-validation,2,"test_datasets, FunctionsTest( eval_cv, eval_cv_all_loss_functions, eval_cv_on_subset, eval_partial_cv, eval_partial_cv_on_subset_no_timeout, "
3686,test/test_evaluation/test_holdout_evaluator.py,test/test_evaluation/test_holdout_evaluator.py,,,,,,structural and value-range,15,"5:assertAlmostEqual, 1:assertRaisesRegexp","approximate queue holdout info, approximates loss functions and metrics suing assertIn and almost, predict_proba_binary_classification within a value range, assertTrue for the fileoutput exist",,HoldoutEvaluator,8,"file_output, predict_proba_binary_classification, datasets, FunctionsTest (eval_holdout, eval_holdout_all_loss_functions, eval_holdout_on_subset, eval_holdout_iterative_fit_no_timeout, eval_holdout_iterative_fit_on_subset_no_timeout)"
3687,test/test_evaluation/test_nested_cv_evaluator.py,test/test_evaluation/test_nested_cv_evaluator.py,,,,,,,3,"2:assertIsNotNone, 1:assertTrue",value range,,NestedCVEvaluator,1,"test_datasets, FunctionsTest( eval_cv, eval_cv_all_loss_functions, eval_cv_on_subset, eval_partial_cv, eval_partial_cv_on_subset_no_timeout, "
3729,test/test_pipeline/components/feature_preprocessing/test_extra_trees_classification.py,test/test_pipeline/components/feature_preprocessing/test_extra_trees_classification.py,test/test_pipeline/components/feature_preprocessing/test_extra_trees_classification.py,test/test_pipeline/components/feature_preprocessing/test_extra_trees_classification.py,test/test_pipeline/components/feature_preprocessing/test_extra_trees_classification.py,test/test_pipeline/components/feature_preprocessing/test_extra_trees_classification.py,test/test_pipeline/components/feature_preprocessing/test_extra_trees_classification.py,,4,"2:assertAlmostEqual, 1:assertFalse, 1:assertEqual","approximate acuracy scores using assertAlmostEqual, check transformed shape compared with original expect tobe same, expect no zero in transformed",,ExtreTrees Classification ComponentTest (Preprocessing),4,"default_configuration, default_configuration_classify, default_configuration_classify_sparse, preprocessing_dtype"
3730,test/test_pipeline/components/feature_preprocessing/test_extra_trees_regression.py,test/test_pipeline/components/feature_preprocessing/test_extra_trees_regression.py,test/test_pipeline/components/feature_preprocessing/test_extra_trees_regression.py,test/test_pipeline/components/feature_preprocessing/test_extra_trees_regression.py,test/test_pipeline/components/feature_preprocessing/test_extra_trees_regression.py,test/test_pipeline/components/feature_preprocessing/test_extra_trees_regression.py,test/test_pipeline/components/feature_preprocessing/test_extra_trees_regression.py,,4,"2:assertAlmostEqual, 1:assertFalse, 1:assertEqual","approximate mean squared error using assertAlmostEqual with defined, check transformed shape compared with original expect tobe same, expect no zero in transformed",,ExtraTrees Regression ComponentTest (Preprocessing),4,"default_configuration, default_configuration_regression, default_configuration_classify_sparse, preprocessing_dtype"
3882,test/test_metric/test_classification_metrics.py,test/test_metric/test_classification_metrics.py,test/test_metric/test_classification_metrics.py,test/test_metric/test_classification_metrics.py,,,,,10,assertAlmostEqual,"approximates scores using assertAlmostEqual for both balanced, inbalance and PACTest",,Balanced Accuray Test (Classification metrics),10,"binary_balanced, binary_imbalanced, multiclass_balanced, multiclass_imbalanced, multilabel_balanced, cases_multilabel, PACTest (cases_binary_score_verification, cases_multiclass_score_verification, cases_multilabel_1l, cases_multilabel_2, "
4203,test/test_evaluation/test_abstract_evaluator.py,test/test_evaluation/test_abstract_evaluator.py,test/test_evaluation/test_abstract_evaluator.py,test/test_evaluation/test_abstract_evaluator.py,test/test_evaluation/test_abstract_evaluator.py,test/test_evaluation/test_abstract_evaluator.py,test/test_evaluation/test_abstract_evaluator.py,,26,"7:assertIsNotNone, 12:assertEqual, 6:assertIsNone, 1:assertTrue","confirm path exists, confirm loss assertIsNone, confirm predictions assertIsNotNone, ",,Evaluator,3,"finish_up_model_predicts_NaN, disable_file_output, file_output, "
4225,test/test_automl/test_models.py,test/test_automl/test_models.py,,,,,,seems the older version just do simple checks/ still interesting to know,3,"2:assertEqual, 1:assertRaises","compare loaded modeds using assertEqual, raise ValueError if no model to load, ",,AutoMl Models Test,3,"only_loads_ensemble_models, loads_all_models_if_no_ensemble, raises_if_no_models"
4226,test/util/test_backend.py,test/util/test_backend.py,test/test_util/test_backend.py,test/test_util/test_backend.py,test/test_util/test_backend.py,test/test_util/test_backend.py,test/test_util/test_backend.py,mocking,3,"assertDictEqual, assertIsInstance, assertEqual",,,BackendModels,3,"load_model_by_seed_and_id, loads_models_by_identifiers, setup_load_model_mocks"
4245,test/test_evaluation/test_evaluation.py,test/test_evaluation/test_evaluation.py,test/test_evaluation/test_evaluation.py,test/test_evaluation/test_evaluation.py,test/test_evaluation/test_evaluation.py,test/test_evaluation/test_evaluation.py,test/test_evaluation/test_evaluation.py,mocking,50,"29:assertEqual, 3:assertIn, 8:assertNotIn, 10:assertIsInstance",,,EvaluationTest,12,"pynisher_memory_error, pynisher_timeout, test_eval_with_limits_holdout, zero_or_negative_cutoff, cutoff_lower_than_remaining_time, eval_with_limits_holdout_fail_silent, eval_with_limits_holdout_fail_memory_error, eval_with_limits_holdout_fail_timeout, eval_with_limits_holdout_timeout_with_results_in_queue, eval_with_limits_holdout_2, exception_in_target_function, silent_exception_in_target_function"
4248,test/test_evaluation/test_test_evaluator.py,test/test_evaluation/test_test_evaluator.py,test/test_evaluation/test_test_evaluator.py,test/test_evaluation/test_test_evaluator.py,test/test_evaluation/test_test_evaluator.py,test/test_evaluation/test_test_evaluator.py,test/test_evaluation/test_test_evaluator.py,,12,"3:assertAlmostEqual, 7:assertEqual, 1:assertIn, 1:assertNotIn","approximate loss using assertAlmostEqual, check instance, comparizon",,TestEvaluator_Test,,"test_datasets, FunctionsTest (eval_test, eval_test_all_loss_functions)"
4293,ci_scripts/test.sh,ci_scripts/test.sh,ci_scripts/test.sh,ci_scripts/test.sh,ci_scripts/test.sh,,,run test,,,"steps: create temp directory, install sklearn and libs needed, then run the tests either using flake8, Mypy, pytest unittests or examples",,Run Test,4,"Running flake8, Running Mypy, Running unittests, Running examples"
4383,test/test_pipeline/components/classification/test_xgradient_boosting.py,test/test_pipeline/components/classification/test_xgradient_boosting.py,test/test_pipeline/components/classification/test_xgradient_boosting.py,test/test_pipeline/components/classification/test_xgradient_boosting.py,,,,,16,"9:assertAlmostEqual, 6:assertEqual, 1:assertRaisesRegex, ","approximate precision scores, approximate accuracy scores, compare number of digits, approximate the log loss, ",,Xgradient Boosting (BaseClassification),12,"default_iris, default_iris_iterative, default_iris_proba, default_iris_sparse, default_digits, default_digits_iterative, default_digits_binary, default_digits_multilabel, default_digits_multilabel_proba"
4429,test/test_pipeline/components/regression/test_xgradient_boosting.py,test/test_pipeline/components/regression/test_xgradient_boosting.py,test/test_pipeline/components/regression/test_xgradient_boosting.py,test/test_pipeline/components/regression/test_xgradient_boosting.py,,,,,14,"8:assertAlmostEqual, 4:assertEqual, 1:assertGreaterEqual, 1:assertLessEqual, ","approximate regresion scores using assertAlmostEqual and assertLessEqual across different dataset, check estimator with assertEqual, ",,XGradientBoosting (BaseRegression),10,"default_boston, default_boston_places, default_boston_iterative, default_boston_sparse, default_boston_iterative_sparse, default_diabetes, default_diabetes_places, default_diabetes_iterative, default_diabetes_sparse, default_diabetes_iterative_sparse"
4565,test/test_automl/test_pickle.py,test/test_automl/test_pickle.py,,,,,,interesting here/ before pickling they test to ensure the accuracy is greater than previus one. Also contrary to the use of assertTrue the wrap the greater than inside assertTrue instead of using assertGreater,5,"2:assertEqual, 1:assertFalse","compare accuracy to be atleast greater than defined, basically checking if the current accuracy scores is greater than the initial accuracy",,PicklingTests,1,"can_pickle_classifier, "
4854,test/test_util/test_dependencies.py,,test/test_util/test_dependencies.py,test/test_util/test_dependencies.py,test/test_util/test_dependencies.py,test/test_util/test_dependencies.py,test/test_util/test_dependencies.py,Interesting,5,"4:assertRaisesRegex, 1:assertEqual","error-based/IncorrectPackageVersionError  packed not support or package version less than defined, verify_packages, ",,Test Dependencies/ Verify Packages,7,"existing_package, missing_package, package_can_only_be_imported, correct_package_versions, wrong_package_version, outdated_requirement, too_fresh_requirement, "
4858,test/test_automl/test_automl.py,,test/test_automl/test_automl.py,test/test_automl/test_automl.py,test/test_automl/test_automl.py,test/test_automl/test_automl.py,test/test_automl/test_automl.py,so many assert to test for model output,48,"1:assertRaisesRegexp, 1:assertAlmostEquals, 2:assertTrue, 1:assertEquals","compare sampled shape, check memory limit, error-handling ValueError, unsupported datatypes, invalid inputs, check model weight and len, check logfile exist, error-handling inmulticlass classification, error-hanling in dummy prediction, approximate model output using assertlessEqual, ",,AutoMLStub,16,"test_fit, fit_roar, refit_shuffle_on_fail, only_loads_ensemble_models, check_for_models_if_no_ensemble, raises_if_no_models, delete_non_candidate_models, binary_score_and_include, automl_outputs, do_dummy_prediction, fail_if_dummy_prediction_fails, exceptions_inside_log_in_smbo, load_best_individual_model, fail_if_feat_type_on_pandas_input, fail_if_dtype_changes_automl, subsample_if_too_large,"
4895,test/test_util/test_hash.py,,test/test_util/test_hash.py,test/test_util/test_hash.py,test/test_util/test_hash.py,test/test_util/test_hash.py,test/test_util/test_hash.py,,6,"3:assertAlmostEqual, 7:assertEqual, 1:assertIn, 1:assertNotIn","check hash_array not none, confirm that two data_arrays are not equal, ",,HashTests,6,"c_contiguous_array, transpose_arrays, same_data_arrays, different_data_arrays, scipy_csr"
4897,test/test_automl/test_smbo.py,,test/test_automl/test_smbo.py,,,,,,1,assertRaisesRegex,error-handling/ Cannot use SMBO algorithm on empty runhistory,,SMBO algorithm (For hyperparameter finding),1,"choose_next, "
4974,test/test_pipeline/components/test_base.py,,test/test_pipeline/components/test_base.py,test/test_pipeline/components/test_base.py,test/test_pipeline/components/test_base.py,test/test_pipeline/components/test_base.py,test/test_pipeline/components/test_base.py,No need to label this,,,,,,,
5259,test/test_scripts/test_metadata_generation.py,,test/test_scripts/test_metadata_generation.py,test/test_scripts/test_metadata_generation.py,test/test_scripts/test_metadata_generation.py,test/test_scripts/test_metadata_generation.py,test/test_scripts/test_metadata_generation.py,,,,,,,,
5295,test/test_evaluation/test_train_evaluator.py,,test/test_evaluation/test_train_evaluator.py,test/test_evaluation/test_train_evaluator.py,test/test_evaluation/test_train_evaluator.py,test/test_evaluation/test_train_evaluator.py,test/test_evaluation/test_train_evaluator.py,,,,,,,,
5720,test/test_metric/test_metrics.py,,test/test_metric/test_metrics.py,test/test_metric/test_metrics.py,test/test_metric/test_metrics.py,test/test_metric/test_metrics.py,test/test_metric/test_metrics.py,,,,,,,,
6394,test/test_pipeline/components/classification/test_base.py,,test/test_pipeline/components/classification/test_base.py,test/test_pipeline/components/classification/test_base.py,test/test_pipeline/components/classification/test_base.py,test/test_pipeline/components/classification/test_base.py,test/test_pipeline/components/classification/test_base.py,,,,,,,,
6436,test/test_pipeline/components/regression/test_base.py,,test/test_pipeline/components/regression/test_base.py,test/test_pipeline/components/regression/test_base.py,test/test_pipeline/components/regression/test_base.py,test/test_pipeline/components/regression/test_base.py,test/test_pipeline/components/regression/test_base.py,,,,,,,,
6559,test/test_pipeline/components/data_preprocessing/test_variance_threshold.py,,,test/test_pipeline/components/data_preprocessing/test_variance_threshold.py,test/test_pipeline/components/data_preprocessing/test_variance_threshold.py,test/test_pipeline/components/data_preprocessing/test_variance_threshold.py,test/test_pipeline/components/data_preprocessing/test_variance_threshold.py,,,,,,,,
7359,test/test_ensemble_builder/test_ensemble.py,,,test/test_ensemble_builder/test_ensemble.py,test/test_ensemble_builder/test_ensemble.py,test/test_ensemble_builder/test_ensemble.py,test/test_ensemble_builder/test_ensemble.py,,,,,,,,
7629,test/test_util/test_logging.py,,,test/test_util/test_logging.py,test/test_util/test_logging.py,test/test_util/test_logging.py,test/test_util/test_logging.py,,,,,,,,
9313,test/test_pipeline/components/data_preprocessing/test_categorical_imputation.py,,,,test/test_pipeline/components/data_preprocessing/test_categorical_imputation.py,test/test_pipeline/components/data_preprocessing/test_categorical_imputation.py,test/test_pipeline/components/data_preprocessing/test_categorical_imputation.py,,,,,,,,
9314,test/test_pipeline/components/data_preprocessing/test_category_shift.py,,,,test/test_pipeline/components/data_preprocessing/test_category_shift.py,test/test_pipeline/components/data_preprocessing/test_category_shift.py,test/test_pipeline/components/data_preprocessing/test_category_shift.py,,,,,,,,
9315,test/test_pipeline/components/data_preprocessing/test_data_preprocessing.py,,,,test/test_pipeline/components/data_preprocessing/test_data_preprocessing.py,test/test_pipeline/components/data_preprocessing/test_data_preprocessing.py,test/test_pipeline/components/data_preprocessing/test_data_preprocessing.py,,,,,,,,
9316,test/test_pipeline/components/data_preprocessing/test_data_preprocessing_categorical.py,,,,test/test_pipeline/components/data_preprocessing/test_data_preprocessing_categorical.py,test/test_pipeline/components/data_preprocessing/test_data_preprocessing_categorical.py,test/test_pipeline/components/data_preprocessing/test_data_preprocessing_categorical.py,,,,,,,,
9317,test/test_pipeline/components/data_preprocessing/test_data_preprocessing_numerical.py,,,,test/test_pipeline/components/data_preprocessing/test_data_preprocessing_numerical.py,test/test_pipeline/components/data_preprocessing/test_data_preprocessing_numerical.py,test/test_pipeline/components/data_preprocessing/test_data_preprocessing_numerical.py,,,,,,,,
9318,test/test_pipeline/components/data_preprocessing/test_minority_coalescence.py,,,,test/test_pipeline/components/data_preprocessing/test_minority_coalescence.py,test/test_pipeline/components/data_preprocessing/test_minority_coalescence.py,test/test_pipeline/components/data_preprocessing/test_minority_coalescence.py,,,,,,,,
9320,test/test_pipeline/implementations/test_CategoryShift.py,,,,test/test_pipeline/implementations/test_CategoryShift.py,test/test_pipeline/implementations/test_CategoryShift.py,test/test_pipeline/implementations/test_CategoryShift.py,,,,,,,,
9321,test/test_pipeline/implementations/test_MinorityCoalescer.py,,,,test/test_pipeline/implementations/test_MinorityCoalescer.py,test/test_pipeline/implementations/test_MinorityCoalescer.py,test/test_pipeline/implementations/test_MinorityCoalescer.py,,,,,,,,
9322,test/test_pipeline/implementations/test_SparseOneHotEncoder.py,,,,test/test_pipeline/implementations/test_SparseOneHotEncoder.py,test/test_pipeline/implementations/test_SparseOneHotEncoder.py,test/test_pipeline/implementations/test_SparseOneHotEncoder.py,,,,,,,,
10546,test/test_data/test_validation.py,,,,test/test_data/test_validation.py,test/test_data/test_validation.py,test/test_data/test_validation.py,,,,,,,,
10593,examples/40_advanced/example_pandas_train_test.py,,,,examples/40_advanced/example_pandas_train_test.py,examples/40_advanced/example_pandas_train_test.py,examples/40_advanced/example_pandas_train_test.py,,,,,,,,
10653,test/test_pipeline/components/feature_preprocessing/test_select_rates_regression.py,,,,test/test_pipeline/components/feature_preprocessing/test_select_rates_regression.py,test/test_pipeline/components/feature_preprocessing/test_select_rates_regression.py,test/test_pipeline/components/feature_preprocessing/test_select_rates_regression.py,,,,,,,,
11919,test/conftest.py,,,,,test/conftest.py,test/conftest.py,,,,,,,,
12132,.github/workflows/pytest.yml,,,,,.github/workflows/pytest.yml,.github/workflows/pytest.yml,,,,,,,,
12656,test/test_pipeline/components/classification/test_mlp.py,,,,,,test/test_pipeline/components/classification/test_mlp.py,,,,,,,,
12659,test/test_pipeline/components/regression/test_mlp.py,,,,,,test/test_pipeline/components/regression/test_mlp.py,,,,,,,,
13257,test/test_ensemble_builder/test_ensemble_selection.py,,,,,,test/test_ensemble_builder/test_ensemble_selection.py,,,,,,,,